"website","email","group_id","prefix","firstname","middlename","lastname","suffix","password_hash","taxvat","billing_prefix","billing_firstname","billing_middlename","billing_lastname","billing_suffix","billing_street_full","billing_city","billing_region","billing_country","billing_postcode","billing_telephone","billing_company","billing_fax","shipping_prefix","shipping_firstname","shipping_middlename","shipping_lastname","shipping_suffix","shipping_street_full","shipping_city","shipping_region","shipping_country","shipping_postcode","shipping_telephone","shipping_company","shipping_fax","created_in","is_subscribed","group","gender","dob"
"base","codemorgan@gmail.com","General","","Tanel","","Trumm","als;kdasl;d","ff78f4af691a168ecd7bc2f53b1b8b4e:oF","12398132","asd","MukovozOleg","","Oleg","","asdasda","5667","","AL","61029","123123","asd","","asd","MukovozOleg","","Oleg","","asdasda","5667","","AL","61029","123123","asd","","admin","0","General","",""
"base","budenoff@gmail.com","General","Pets","Pets","","Pets","","96eb753a1caa1fb244968e47a0777bb0:NM","","1","Oleg","1","Oleg","1","1","1","","BD","61029","324324","","","1","Oleg","1","Oleg","1","1","1","","BD","61029","324324","","","admin","0","General","",""
"admin","budenoff@gmail.com","General","","Budenoff","","Oleg","","5d9d2103db1bd19f89664693a432be2b:Ld","","111","Budenoff","","Oleg","","1111","111","111","BH","11111","11111","","","111","Budenoff","","Oleg","","1111","111","111","BH","11111","11111","","","admin","0","General","",""
"base","testjungent@e-stonia.co.uk","General","","E-Stonia","","Test","","4aedc02f74acd74cf0cb410b42bf2f67:f5","KOOD23","","E-Stonia","","Test","","Kosmonovatov street, 54","Tallin","","EE","","5555555","","","","E-Stonia","","Test","","Kosmonovatov street, 54","Tallin","","EE","","5555555","","","admin","0","General","Male",""
"base","test@e-stonia.co.uk","General","","Kaspar","L.","Palgi-Unt","Kommentaar, mille lisab administraator","b4db132b968d9706543b15f99ea86dff:o6","AXA888888","","Kaspar","","Palgi-Unt","","Raekoja plats 11-1","Tartu","","EE","51004","52 888 46","KMR Holding OÜ","","","Kaspar","","Palgi-Unt","","Raekoja plats 11-1","Tartu","","EE","51004","52 888 46","KMR Holding OÜ","","admin","0","General","",""
"base","test1@e-stonia.co.uk","General","","KAspar","L","Palgg","Minu klientdikomm","23ff0897ca881774ff59580c99ed3f24:YX","AXAP2222","","KAspar","","Palgg","","kjhkjhjkhjk","Tartu","","EE","51004","876876786","KMR OÜ","","","KAspar","","Palgg","","kjhkjhjkhjk","Tartu","","EE","51004","876876786","KMR OÜ","","admin","0","General","",""
"base","windrek@gmail.com","Retailer","","Indrek","Testib","Eraisik","No comment","9907ad7c9683b63bcf2eaa7bab4b5b1d:R1","CC","","Indrek","","Eraisik","","Main street 22","Tallinn","","EE","110099","5552233","Sarved ja Sõrad OÜ","","","Indrek","","Eraisik","","Main street 22","Tallinn","","EE","110099","5552233","Sarved ja Sõrad OÜ","","admin","0","Retailer","Male",""
"base","artyom.proshyn@gmail.com","General","Mr.","Artyom","Alexandrovich","Proshyn","Greetings.","dc76c71fb62b9e630ce6cf625b16b059:TF","007007007","Mr.","Artyom","Alexandrovich","Proshyn","","23 August Street, 62","Kharkiv","","UA","61018","+380634756154","Lantera-Studio","","Mr.","Artyom","Alexandrovich","Proshyn","","23 August Street, 62","Kharkiv","","UA","61018","+380634756154","Lantera-Studio","","admin","0","General","Male","1987-02-11 00:00:00"
